Name,Price
Palit GeForce RTX 5070 Ti GamingPro OC V1 16GB,1879
Palit GeForce RTX 5070 Ti GamingPro V1 16GB,1969
Palit GeForce RTX 5070 Ti GamingPro 16GB,1989
Inno3D GeForce RTX 5070 Ti X3 OC 16GB,1989
MSI GeForce RTX 5070 Ti 16G SHADOW 3X OC,2049
Inno3D GeForce RTX 5070 Ti X3 OC White 16GB,2089
Gainward GeForce RTX 5070 Ti Phantom 16GB,2109
GIGABYTE GeForce RTX 5070 Ti EAGLE OC SFF 16G,2109
GIGABYTE GeForce RTX 5070 Ti WINDFORCE OC SFF 16G,2119
ASUS TUF Gaming GeForce RTX 5070 Ti 16GB OC Edition,2349
